"","plot","mean.height","height.2","mean.height.var","mean.height.rms","transect.length","mode.el","max.el","mode.2","max.can.ht","mean.max.ht","mean.vai","mean.peak.vai","deep.gaps","deep.gap.fraction","porosity","std.std","mean.std","rugosity","top.rugosity","plot","mean.return.ht","sd.return.ht","sky.fraction","cover.fraction","max.ht","scan.density","rumple","clumping.index","enl"
"1","FERN_W7_06_1.CSV",14.3601413421913,3.84979190333613,14.8208976989924,14.8422879699106,20,14.5,5.24004966681083,6.06543268730356,23.597,21.1499,7.70783203318099,3.03063523181299,0,0,0.61,837.622479721107,24.27447211517,15.7598376657548,2.66906869032706,"FERN_W7_06_1.CSV",10.6957490633011,6.10485798376258,1.11154446177847,98.8884555382215,23.597,512.95,3.05,0.866478260151618,18.5941320293399
