"","plot","mean.height","height.2","mean.height.var","mean.height.rms","transect.length","mode.el","max.el","mode.2","max.can.ht","mean.max.ht","mean.vai","mean.peak.vai","deep.gaps","deep.gap.fraction","porosity","std.std","mean.std","rugosity","top.rugosity","plot","mean.return.ht","sd.return.ht","sky.fraction","cover.fraction","max.ht","scan.density","rumple","clumping.index","enl"
"1","hemlock_0624.CSV",11.3661826033448,2.42086596834332,5.86059203668283,11.6085171063072,20,11.05,7.53342532561744,3.06894461543893,16.253,13.478,7.60442737392574,3.84609614303278,0,0,0.514705882352941,33.3204542867136,4.29174758490544,3.86022757802852,2.37076472228289,"hemlock_0624.CSV",8.58570793720982,3.38498840711888,1.75933970460469,98.2406602953953,17.461,690.75,3,0.843267514896126,13.6193096548274
