"","plot","mean.height","height.2","mean.height.var","mean.height.rms","transect.length","mode.el","max.el","mode.2","max.can.ht","mean.max.ht","mean.vai","mean.peak.vai","deep.gaps","deep.gap.fraction","porosity","std.std","mean.std","rugosity","top.rugosity","plot","mean.return.ht","sd.return.ht","sky.fraction","cover.fraction","max.ht","scan.density","rumple","clumping.index","enl"
"1","hemlock_0614.CSV",13.3695939505704,5.85457892353854,34.2760943719417,14.5658928465018,40,12.925,6.78464961306285,7.47092655496918,23.978,18.317,7.61662347788886,3.49513078150542,0,0,0.628,493.501167250271,15.686545991988,15.7300172311258,4.96043676220097,"hemlock_0614.CSV",8.7980228128076,6.52849014135932,2.96100685470277,97.0389931452972,23.978,445.075,3.25,0.887002533851292,18.9411442649877
